-- phpMyAdmin SQL Dump
-- version 5.2.0
-- https://www.phpmyadmin.net/
--
-- Хост: 127.0.0.1:3306
-- Время создания: Ноя 30 2023 г., 15:09
-- Версия сервера: 8.0.30
-- Версия PHP: 7.2.34

SET SQL_MODE = "NO_AUTO_VALUE_ON_ZERO";
START TRANSACTION;
SET time_zone = "+00:00";


/*!40101 SET @OLD_CHARACTER_SET_CLIENT=@@CHARACTER_SET_CLIENT */;
/*!40101 SET @OLD_CHARACTER_SET_RESULTS=@@CHARACTER_SET_RESULTS */;
/*!40101 SET @OLD_COLLATION_CONNECTION=@@COLLATION_CONNECTION */;
/*!40101 SET NAMES utf8mb4 */;

--
-- База данных: `RussianСosmetics`
--

-- --------------------------------------------------------

--
-- Структура таблицы `Employee`
--

CREATE TABLE `Employee` (
  `id` int NOT NULL,
  `post` varchar(100) NOT NULL,
  `firstname` varchar(100) NOT NULL,
  `name` varchar(100) NOT NULL,
  `sirname` varchar(100) NOT NULL,
  `login` varchar(100) NOT NULL,
  `password` varchar(100) NOT NULL,
  `last_meet` varchar(100) NOT NULL
) ENGINE=InnoDB DEFAULT CHARSET=utf8mb4 COLLATE=utf8mb4_0900_ai_ci;

--
-- Дамп данных таблицы `Employee`
--

INSERT INTO `Employee` (`id`, `post`, `firstname`, `name`, `sirname`, `login`, `password`, `last_meet`) VALUES
(101, 'Менеджер по работе с клиетами ', 'Иванов', 'Иван', 'Иванович', 'Ivanov@namecomp.ru', '2L6KZG', '15:05:2022 13:13:00'),
(102, 'Менеджер по работе с клиентами', 'Петров', 'Петр', 'Петрович', 'petrov@namecomp.ru', 'uzWC67', '15:05:2022 13:13:01'),
(103, 'Администратор', 'Федоров', 'Федор', 'Федорович', 'fedorov@namecomp.ru', '8ntwUp', '15:05:2022 13:13:02'),
(104, 'Лаборант', 'Миронов', 'Вениамин', 'Куприянович', 'mironov@namecomp.ru', 'YOyhfR', '15:05:2022 13:13:03'),
(105, 'Лаборант', 'Ширяев', 'Ермолай', 'Вениаминович', 'shiryev@namecomp.ru', 'RSbvHv', '15:05:2022 13:13:04'),
(106, 'Лаборант', 'Игнатов', 'Кассиан', 'Васильевич', 'ignatov@namecomp.ru', 'rwVDh9', '15:05:2022 13:13:05'),
(107, 'Начальник ОТК', 'Хохлов', 'Владимир', 'Мэлсович', 'hohlov@namecomp.ru', 'LdNyos', '15:05:2022 13:13:06'),
(108, 'Администратор', 'Стрелков', 'Мстислав', 'Георгьевич', 'strelkov@namecomp.ru', 'gynQMT', '15:05:2022 13:13:07'),
(109, 'Контролер ОТК', 'Беляева', 'Лилия', 'Наумовна', 'belyeva@@namecomp.ru', 'AtnDjr', '15:05:2022 13:13:08'),
(110, 'Контролер ОТК', 'Смирнова', 'Ульяна', 'Гордеевна', 'smirnova@@namecomp.ru', 'JlFRCZ', '15:05:2022 13:13:09');

-- --------------------------------------------------------

--
-- Структура таблицы `Entity`
--

CREATE TABLE `Entity` (
  `name_company` varchar(100) NOT NULL,
  `address` varchar(100) NOT NULL,
  `INN` varchar(100) NOT NULL,
  `number` varchar(100) NOT NULL,
  `BIK` varchar(100) NOT NULL,
  `FNS_boss` varchar(100) NOT NULL,
  `FNS_client` varchar(100) NOT NULL,
  `phone_client` varchar(100) NOT NULL,
  `email` varchar(100) NOT NULL,
  `password` varchar(100) NOT NULL,
  `code_client` varchar(100) NOT NULL
) ENGINE=InnoDB DEFAULT CHARSET=utf8mb4 COLLATE=utf8mb4_0900_ai_ci;

--
-- Дамп данных таблицы `Entity`
--

INSERT INTO `Entity` (`name_company`, `address`, `INN`, `number`, `BIK`, `FNS_boss`, `FNS_client`, `phone_client`, `email`, `password`, `code_client`) VALUES
('ПК «Парфюм Стиль»', 'МО, Королев, Партизана Германа ул, 67', '7955555572', '78123723992', '402000227', 'Иванова Анна Александровна', 'Пономарева Валерия Ивановна', '31(57)181-23-30334', 'bartlett@att.net', 'UL1238', '34yy32'),
('ООО «ВДС-Ступино»', 'МО, Ступино, Космонавтов ул, 54', '7922424472', '78899678892', '445982837', 'Седов Тимур Матвеевич', 'Сычева Надежда Артёмовна', '0(601)740-14-66478', 'kassiesa@aol.com', 'UL1237', '37728'),
('ООО «КоролевФарм»', 'МО, Королев, ДК Кирова, 28', '7922985472', '70989678892', '408288227', 'Молчанова Елизавета Руслановна', 'Козловская София Данииловна', '3(2113)599-96-85099', 'alias@sbcglobal.net', 'UL1239', '873'),
('Nicole laboratory', 'МО, Ногинск, Заводская ул, 34', '7927425472', '78122378892', '493993327', 'Дементьев Ярослав Георгиевич', 'Розанова Камила Максимовна', '2(63)151-61-70518', 'stecoop@yahoo.com', 'UL1236', '8739'),
('ООО «Коконат»', 'МО, Чехов, Минская ул, 128', '7934728472', '78123678842', '445622227', 'Орлова Татьяна Мироновна', 'Демидов Дмитрий Глебович', '33(5855)767-28-30549', 'tezbo@mac.com', 'UL1235', 'fj23'),
('ЗАО\"Русская косметика\"', 'МО, Одинцово, Ворошилова ул, 153', '7927728472', '78123678892', '445334327', 'Харитонова Ева Адамовна', 'Кузнецов Александр Сергеевич', '16(7185)250-54-23556', 'dcoppit@mac.com', 'UL1234', 'hh123'),
('ГК Коттон Клаб', 'МО, Одинцово, 9 Января, 298', '7929388332', '73626626892', '445639927', 'Софронов Фёдор Иванович', 'Зубкова Василиса Петровна', '73(5598)021-52-52563', 'research@sbcglobal.net', 'UL1240', 'ue378');

-- --------------------------------------------------------

--
-- Структура таблицы `Individual`
--

CREATE TABLE `Individual` (
  `firstname` varchar(100) NOT NULL,
  `name` varchar(100) NOT NULL,
  `surname` varchar(100) NOT NULL,
  `client_code` varchar(100) NOT NULL,
  `passport_data` varchar(100) NOT NULL,
  `birthday` varchar(100) NOT NULL,
  `address` varchar(100) NOT NULL,
  `email` varchar(100) NOT NULL,
  `password` varchar(100) NOT NULL
) ENGINE=InnoDB DEFAULT CHARSET=utf8mb4 COLLATE=utf8mb4_0900_ai_ci;

--
-- Дамп данных таблицы `Individual`
--

INSERT INTO `Individual` (`firstname`, `name`, `surname`, `client_code`, `passport_data`, `birthday`, `address`, `email`, `password`) VALUES
('Фролов', 'Андрей', 'Иванович', '45462526', '1180 176596', '7.14.2001', '344288, г. Москва, ул. Чехова, 1, кв. 34', 'gohufreilagrau-3818@yopmail.com', 'cl12345'),
('Николаев', 'Даниил', 'Всеволодович', '45462527', '2280 223523', '2.10.2001', '614164, г. Москва, ул. Степная, 30, кв. 75', 'xawugosune-1385@yopmail.com', 'cl12346'),
('Снегирев', 'Макар', 'Иванович', '45462528', '4560 354155', '5.21.1998', '394242, г. Москва, ул. Коммунистическая, 43, кв. 57', 'satrahuddusei-4458@yopmail.com', 'cl12347'),
('Иванов', 'Иван', 'Ильич', '45462529', '9120 554296', '10.1.1998', '660540, г. Москва, ул. Солнечная, 25, кв. 78', 'boippaxeufrepra-7093@yopmail.com', 'cl12348'),
('Филиппова', 'Анна', 'Глебовна', '45462530', '2367 558134', '5.31.1976', '125837, г. Москва, ул. Шоссейная, 40, кв. 92', 'zapramaxesu-7741@yopmail.com', 'cl12349'),
('Иванов', 'Михаил', 'Владимирович', '45462531', '7101 669343', '11.4.1985', '125703, г. Москва, ул. Партизанская, 49, кв. 84', 'rouzecroummegre-3899@yopmail.com', 'cl12350'),
('Власов', 'Дмитрий', 'Александрович', '45462532', '3455 719630', '8.17.1998', '625283, г. Москва, ул. Победы, 46, кв. 7', 'ziyeuddocrabri-4748@yopmail.com', 'cl12351'),
('Серова', 'Екатерина', 'Львовна', '45462533', '2377 871623', '10.24.1984', '614611, г. Москва, ул. Молодежная, 50, кв. 78', 'ketameissoinnei-1951@yopmail.com', 'cl12352'),
('Борисова', 'Ирина', 'Ивановна', '45462534', '8755 921148', '10.14.1976', '454311, г. Москва, ул. Новая, 19, кв. 78', 'yipraubaponou-5849@yopmail.com', 'cl12353'),
('Зайцев', 'Никита', 'Артёмович', '45462535', '4355 104594', '10.14.1999', '660007, г. Москва, ул. Октябрьская, 19, кв. 42', 'crapedocouca-3572@yopmail.com', 'cl12354'),
('Медведев', 'Святослав', 'Евгеньевич', '45462536', '2791 114390', '7.13.1985', '603036, г. Москва, ул. Садовая, 4, кв. 13', 'ceigoixakaunni-9227@yopmail.com', 'cl12355'),
('Коротков', 'Кирилл', 'Алексеевич', '45462537', '5582 126286', '5.26.1976', '450983, г. Москва, ул. Комсомольская, 26, кв. 60', 'yeimmeiwauzomo-7054@yopmail.com', 'cl12356'),
('Калашникова', 'Арина', 'Максимовна', '45462538', '2978 133653', '8.13.1999', '394782, г. Москва, ул. Чехова, 3, кв. 14', 'poleifenevi-1560@yopmail.com', 'cl12357'),
('Минина', 'Таисия', 'Кирилловна', '45462539', '7512 141956', '10.13.1985', '603002, г. Москва, ул. Дзержинского, 28, кв. 56', 'kauprezofautei-6607@yopmail.com', 'cl12358'),
('Наумов', 'Серафим', 'Романович', '45462540', '5046 158433', '4.15.1999', '450558, г. Москва, ул. Набережная, 30, кв. 71', 'quaffaullelourei-1667@yopmail.com', 'cl12359'),
('Воробьева', 'Василиса', 'Евгеньевна', '45462541', '2460 169505', '1.13.1999', '394060, г. Москва, ул. Фрунзе, 43, кв. 79', 'jsteele@rojas-robinson.net', 'cl12360'),
('Калинин', 'Александр', 'Андреевич', '45462542', '3412 174593', '1.7.1999', '410661, г. Москва, ул. Школьная, 50, кв. 53', 'vhopkins@lewis-mullen.com', 'cl12361'),
('Кузнецова', 'Милана', 'Владиславовна', '45462543', '4950 183034', '1.24.1999', '625590, г. Москва, ул. Коммунистическая, 20, кв. 34', 'nlewis@yahoo.com', 'cl12362'),
('Фирсов', 'Егор', 'Романович', '45462544', '5829 219464', '9.2.1993', '625683, г. Москва, ул. 8 Марта, 20, кв. 21', 'garciadavid@mckinney-mcbride.com', 'cl12363'),
('Зимина', 'Агния', 'Александровна', '45462545', '6443 208059', '9.3.1998', '400562, г. Москва, ул. Зеленая, 32, кв. 67', 'cbradley@castro.com', 'cl12364'),
('Титов', 'Андрей', 'Глебович', '45462546', '7079 213265', '10.23.1985', '614510, г. Москва, ул. Маяковского, 47, кв. 72', 'cuevascatherine@carlson.biz', 'cl12365'),
('Орлов', 'Николай', 'Егорович', '45462547', '8207 522702', '7.27.1985', '410542, г. Москва, ул. Светлая, 46, кв. 82', 'thomasmoore@wilson-singh.net', 'cl12366'),
('Кузнецова', 'Аиша', 'Михайловна', '45462548', '9307 232158', '10.4.1998', '620839, г. Москва, ул. Цветочная, 8, кв. 100', 'jessica84@hotmail.com', 'cl12367'),
('Куликов', 'Никита', 'Георгиевич', '45462549', '1357 242839', '4.23.1999', '443890, г. Москва, ул. Коммунистическая, 1, кв. 10', 'jessicapark@hotmail.com', 'cl12368'),
('Карпова', 'София', 'Егоровна', '45462550', '1167 256636', '10.1.1993', '603379, г. Москва, ул. Спортивная, 46, кв. 95', 'ginaritter@schneider-buchanan.com', 'cl12369'),
('Смирнова', 'Дарья', 'Макаровна', '45462551', '1768 266986', '3.22.1976', '603721, г. Москва, ул. Гоголя, 41, кв. 57', 'stephen99@yahoo.com', 'cl12370'),
('Абрамова', 'Александра', 'Мироновна', '45462552', '1710 427875', '3.26.1999', '410172, г. Москва, ул. Северная, 13, кв. 86', 'lopezlisa@hotmail.com', 'cl12371'),
('Наумов', 'Руслан', 'Михайлович', '45462553', '1806 289145', '10.11.1999', '420151, г. Москва, ул. Вишневая, 32, кв. 81', 'lori17@hotmail.com', 'cl12372'),
('Бочаров', 'Никита', 'Матвеевич', '45462554', '1587 291249', '6.29.1997', '125061, г. Москва, ул. Подгорная, 8, кв. 74', 'campbellkevin@gardner.com', 'cl12373'),
('Соловьев', 'Давид', 'Ильич', '45462555', '1647 306372', '3.6.1984', '630370, г. Москва, ул. Шоссейная, 24, кв. 81', 'morganhoward@clark.com', 'cl12374'),
('Васильева', 'Валерия', 'Дмитриевна', '45462556', '1742 316556', '9.30.1999', '614753, г. Москва, ул. Полевая, 35, кв. 39', 'carsontamara@gmail.com', 'cl12375'),
('Макарова', 'Василиса', 'Андреевна', '45462557', '1474 326347', '4.8.1999', '426030, г. Москва, ул. Маяковского, 44, кв. 93', 'kevinpatel@gmail.com', 'cl12376'),
('Алексеев', 'Матвей', 'Викторович', '45462558', '1452 339539', '8.2.1998', '450375, г. Москва, ул. Клубная, 44, кв. 80', 'sethbishop@yahoo.com', 'cl12377'),
('Никитина', 'Полина', 'Александровна', '45462559', '2077 443480', '9.19.1976', '625560, г. Москва, ул. Некрасова, 12, кв. 66', 'drollins@schultz-soto.net', 'cl12378'),
('Окулова', 'Олеся', 'Алексеевна', '45462560', '2147 357518', '4.3.1999', '630201, г. Москва, ул. Комсомольская, 17, кв. 25', 'pblack@copeland-winters.org', 'cl12379'),
('Захарова', 'Полина', 'Яновна', '45462561', '2687 363884', '4.21.1976', '190949, г. Москва, ул. Мичурина, 26, кв. 93', 'johnathon.oberbrunner@yahoo.com', 'cl12380'),
('Зайцев', 'Владимир', 'Давидович', '45462562', '2376 443711', '1.26.1998', '350501, г. Москва, ул. Парковая, 2, кв. 7', 'bradly29@gmail.com', 'cl12381'),
('Иванов', 'Виталий', 'Даниилович', '45462563', '2568 386237', '8.11.1976', '450048, г. Москва, ул. Коммунистическая, 21, кв. 3', 'stark.cristina@hilpert.biz', 'cl12382'),
('Захаров', 'Матвей', 'Романович', '45462564', '2556 439376', '7.12.1993', '644921, г. Москва, ул. Школьная, 46, кв. 37', 'bruen.eleanore@yahoo.com', 'cl12383'),
('Иванов', 'Степан', 'Степанович', '45462565', '2737 407501', '9.19.1998', '614228, г. Москва, ул. Дорожная, 36, кв. 54', 'percival.halvorson@yahoo.com', 'cl12384'),
('Ткачева', 'Милана', 'Тимуровна', '45462566', '2581 441645', '5.24.1998', '350940, г. Москва, ул. Первомайская, 23, кв. 2', 'javonte71@kuhlman.biz', 'cl12385'),
('Семенов', 'Даниил', 'Иванович', '45462567', '2675 427933', '1.4.1976', '344990, г. Москва, ул. Красноармейская, 19, кв. 92', 'vconnelly@kautzer.com', 'cl12386'),
('Виноградов', 'Вячеслав', 'Дмитриевич', '45462568', '2967 434531', '7.12.1976', '410248, г. Москва, ул. Чкалова, 11, кв. 75', 'anabelle07@schultz.info', 'cl12387'),
('Соболева', 'Николь', 'Фёдоровна', '45462569', '3070 449655', '5.2.1976', '400839, г. Москва, ул. 8 Марта, 46, кв. 44', 'nitzsche.katlynn@yahoo.com', 'cl12388'),
('Тихонова', 'Анна', 'Львовна', '45462570', '3108 451174', '3.23.1985', '450539, г. Москва, ул. Заводская, 3, кв. 81', 'corine16@von.com', 'cl12389'),
('Кузнецова', 'Ульяна', 'Савельевна', '45462571', '3250 464705', '6.3.1999', '614591, г. Москва, ул. Цветочная, 20, кв. 40', 'otha.wisozk@lubowitz.org', 'cl12390'),
('Смирнова', 'Анна', 'Германовна', '45462572', '3392 471644', '7.18.1997', '400260, г. Москва, ул. Больничная, 30, кв. 53', 'may.kirlin@hotmail.com', 'cl12391'),
('Черепанова', 'Анна', 'Давидовна', '45462573', '3497 487819', '11.6.1985', '660924, г. Москва, ул. Молодежная, 32, кв. 59', 'bryana.kautzer@yahoo.com', 'cl12392'),
('Григорьев', 'Максим', 'Кириллович', '45462574', '3560 491260', '5.26.1999', '644133, г. Москва, ул. Гагарина, 28, кв. 69', 'deborah.christiansen@quigley.biz', 'cl12393'),
('Голубев', 'Даниэль', 'Александрович', '45462575', '3620 506034', '6.14.1999', '450698, г. Москва, ул. Вокзальная, 14, кв. 37', 'connelly.makayla@yahoo.com', 'cl12394'),
('Миронов', 'Юрий', 'Денисович', '45462576', '3774 511438', '1.26.1985', '620653, г. Москва, ул. Западная, 15, кв. 25', 'tatum.collins@fay.org', 'cl12395'),
('Терехов', 'Михаил', 'Андреевич', '45462577', '3862 521377', '7.6.1976', '644321, г. Москва, ул. Клубная, 32, кв. 10', 'itzel73@anderson.com', 'cl12396'),
('Орлова', 'Алиса', 'Михайловна', '45462578', '3084 535966', '2.24.1997', '603653, г. Москва, ул. Молодежная, 2, кв. 45', 'arjun39@hotmail.com', 'cl12397'),
('Кулаков', 'Константин', 'Даниилович', '45462579', '4021 541528', '6.20.1993', '410181, г. Москва, ул. Механизаторов, 16, кв. 74', 'ohara.rebeka@yahoo.com', 'cl12398'),
('Кудрявцев', 'Максим', 'Романович', '45462580', '4109 554053', '5.10.1998', '394207, г. Москва, ул. Свердлова, 31, кв. 28', 'danika58@rath.com', 'cl12399'),
('Соболева', 'Кира', 'Фёдоровна', '45462581', '4537 564868', '3.14.1998', '420633, г. Москва, ул. Матросова, 18, кв. 41', 'janae.bogan@gmail.com', 'cl12400'),
('Коновалов', 'Арсений', 'Максимович', '45462582', '4914 572471', '2.18.1985', '445720, г. Москва, ул. Матросова, 50, кв. 67', 'vern91@yahoo.com', 'cl12401'),
('Гусев', 'Михаил', 'Дмитриевич', '45462583', '4445 581302', '11.23.1999', '400646, г. Москва, ул. Октябрьская, 47, кв. 65', 'mariana.leannon@larkin.net', 'cl12402'),
('Суханова', 'Варвара', 'Матвеевна', '45462584', '4743 598180', '9.13.1993', '644410, г. Москва, ул. Красная, 17, кв. 69', 'vmoore@gmail.com', 'cl12403'),
('Орлова', 'Ясмина', 'Васильевна', '45462585', '4741 601821', '6.24.1984', '400750, г. Москва, ул. Школьная, 36, кв. 71', 'damon.mcclure@mills.com', 'cl12404'),
('Васильева', 'Ксения', 'Константиновна', '45462586', '4783 612567', '8.1.1999', '660590, г. Москва, ул. Дачная, 37, кв. 70', 'grady.reilly@block.com', 'cl12405'),
('Борисова', 'Тамара', 'Данииловна', '45462587', '4658 621200', '5.29.1993', '426083, г. Москва, ул. Механизаторов, 41, кв. 26', 'boyd.koss@yahoo.com', 'cl12406'),
('Дмитриев', 'Мирон', 'Ильич', '45462588', '4908 634613', '4.13.1985', '410569, г. Москва, ул. Парковая, 36, кв. 17', 'obartell@franecki.info', 'cl12407'),
('Лебедева', 'Анна', 'Александровна', '45462589', '5092 642468', '3.30.1985', '443375, г. Москва, ул. Дзержинского, 50, кв. 95', 'reina75@ferry.net', 'cl12408'),
('Пономарев', 'Артём', 'Маркович', '45462590', '5155 465274', '6.2.1984', '614316, г. Москва, ул. Первомайская, 48, кв. 31', 'karson28@hotmail.com', 'cl12409'),
('Борисова', 'Елена', 'Михайловна', '45462591', '5086 666893', '5.23.1976', '445685, г. Москва, ул. Зеленая, 7, кв. 47', 'damaris61@okon.com', 'cl12410'),
('Моисеев', 'Камиль', 'Максимович', '45462592', '5333 675375', '6.17.1999', '614505, г. Москва, ул. Нагорная, 37, кв. 31', 'carroll.jerod@hotmail.com', 'cl12411'),
('Герасимова', 'Дарья', 'Константиновна', '45462593', '5493 684572', '10.13.1984', '426629, г. Москва, ул. Весенняя, 32, кв. 46', 'ron.treutel@quitzon.com', 'cl12412'),
('Михайлова', 'Мария', 'Марковна', '45462594', '5150 696226', '12.2.1976', '603743, г. Москва, ул. Матросова, 19, кв. 20', 'olen79@yahoo.com', 'cl12413'),
('Коршунов', 'Кирилл', 'Максимович', '45462595', '1308 703305', '5.22.1985', '450750, г. Москва, ул. Клубная, 23, кв. 90', 'pacocha.robbie@yahoo.com', 'cl12414');

-- --------------------------------------------------------

--
-- Структура таблицы `Orders`
--

CREATE TABLE `Orders` (
  `id` int NOT NULL,
  `order_number` varchar(100) NOT NULL,
  `date_creation` varchar(100) NOT NULL,
  `client_code_ind` varchar(100) CHARACTER SET utf8mb4 COLLATE utf8mb4_0900_ai_ci DEFAULT NULL,
  `client_code_ent` varchar(100) CHARACTER SET utf8mb4 COLLATE utf8mb4_0900_ai_ci DEFAULT NULL,
  `id_status` int DEFAULT NULL,
  `date_closing` varchar(100) NOT NULL,
  `id_employee` int DEFAULT NULL,
  `time` int NOT NULL
) ENGINE=InnoDB DEFAULT CHARSET=utf8mb4 COLLATE=utf8mb4_0900_ai_ci;

--
-- Дамп данных таблицы `Orders`
--

INSERT INTO `Orders` (`id`, `order_number`, `date_creation`, `client_code_ind`, `client_code_ent`, `id_status`, `date_closing`, `id_employee`, `time`) VALUES
(1, '45462527.3.12.2022', '3.12.2022', '45462527', NULL, 1, '', 104, 78),
(2, '45462528.3.13.2022', '3.13.2022', '45462528', NULL, 2, '', 105, 16),
(3, '45462529.3.14.2022', '3.14.2022', '45462529', NULL, 2, '', 106, 28),
(4, '45462530.3.15.2022', '3.15.2022', '45462530', NULL, 1, '', 109, 20),
(5, '45462531.3.16.2022', '3.16.2022', '45462531', NULL, 3, '4.16.2022', 110, 72),
(6, '45462532.3.17.2022', '3.17.2022', '45462532', NULL, 1, '', 104, 8),
(7, '45462533.3.18.2022', '3.18.2022', '45462533', NULL, 1, '', 105, 48),
(8, '45462534.3.19.2022', '3.19.2022', '45462534', NULL, 2, '', 106, 48),
(9, 'hh124.3.20.2022', '3.20.2022', NULL, 'hh123', 2, '', 109, 78),
(10, 'fj24.3.21.2022', '3.21.2022', NULL, 'fj23', 1, '', 110, 16),
(11, '8739.3.22.2022', '3.22.2022', NULL, '8739', 3, '4.22.2022', 104, 78),
(12, '37728.3.23.2022', '3.23.2022', NULL, '37728', 2, '', 105, 160),
(13, '34yy33.3.24.2022', '3.24.2022', NULL, '34yy32', 2, '', 106, 28),
(14, '874.3.25.2022', '3.25.2022', NULL, '873', 2, '', 109, 20),
(15, 'ue379.3.26.2022', '3.26.2022', NULL, 'ue378', 3, '4.26.2022', 110, 72),
(16, '45462542.3.27.2022', '3.27.2022', '45462542', NULL, 1, '', 104, 8),
(17, '45462543.3.28.2022', '3.28.2022', '45462543', NULL, 2, '', 105, 48),
(18, '45462531.3.29.2022', '3.29.2022', '45462531', NULL, 2, '', 106, 48),
(19, '45462532.3.30.2022', '3.30.2022', '45462532', NULL, 1, '', 109, 78),
(20, '45462533.3.31.2022', '3.31.2022', '45462533', NULL, 1, '', 110, 16),
(21, '45462534.4.1.2022', '4.1.2022', '45462534', NULL, 3, '5.2.2022', 104, 78),
(22, '45462535.4.2.2022', '4.2.2022', '45462535', NULL, 1, '', 105, 16),
(23, 'hh124.4.3.2022', '4.3.2022', NULL, 'hh123', 1, '', 106, 28),
(24, 'fj24.4.4.2022', '4.4.2022', NULL, 'fj23', 2, '', 109, 20),
(25, '8739.4.5.2022', '4.5.2022', NULL, '8739', 2, '', 110, 72),
(26, '37728.4.6.2022', '4.6.2022', NULL, '37728', 2, '', 104, 8),
(27, '34yy33.4.7.2022', '4.7.2022', NULL, '34yy32', 2, '', 105, 48),
(28, '874.4.8.2022', '4.8.2022', NULL, '873', 3, '5.9.2022', 106, 48),
(29, 'ue379.4.9.2022', '4.9.2022', NULL, 'ue378', 1, '', 109, 78),
(30, '45462556.4.10.2022', '4.10.2022', '45462556', NULL, 2, '', 110, 16),
(31, '45462557.4.11.2022', '4.11.2022', '45462557', NULL, 2, '', 104, 78),
(32, '45462558.4.12.2022', '4.12.2022', '45462558', NULL, 1, '', 105, 16),
(33, '45462559.4.13.2022', '4.13.2022', '45462559', NULL, 1, '', 106, 28),
(34, '45462579.4.14.2022', '4.14.2022', '45462579', NULL, 1, '', 109, 20),
(35, '45462580.4.15.2022', '4.15.2022', '45462580', NULL, 2, '', 110, 72),
(36, '45462581.4.16.2022', '4.16.2022', '45462581', NULL, 2, '', 104, 8),
(37, '45462582.4.17.2022', '4.17.2022', '45462582', NULL, 2, '', 105, 48),
(38, 'hh124.4.18.2022', '4.18.2022', NULL, 'hh123', 3, '5.19.2022', 106, 48),
(39, 'fj24.4.19.2022', '4.19.2022', NULL, 'fj23', 2, '', 109, 78),
(40, '8739.4.20.2022', '4.20.2022', NULL, '8739', 1, '', 110, 16),
(41, '37728.4.21.2022', '4.21.2022', NULL, '37728', 3, '5.22.2022', 104, 78),
(42, '34yy33.4.22.2022', '4.22.2022', NULL, '34yy32', 2, '', 105, 16),
(43, '874.4.23.2022', '4.23.2022', NULL, '873', 2, '', 106, 28),
(44, 'ue379.4.24.2022', '4.24.2022', NULL, 'ue378', 2, '', 109, 20),
(45, '45462534.4.25.2022', '4.25.2022', '45462534', NULL, 2, '', 110, 72),
(46, '45462535.4.26.2022', '4.26.2022', '45462535', NULL, 2, '', 104, 8),
(47, '45462536.4.27.2022', '4.27.2022', '45462536', NULL, 3, '5.28.2022', 105, 48),
(48, '45462537.4.28.2022', '4.28.2022', '45462537', NULL, 1, '', 106, 48),
(49, '45462575.4.29.2022', '4.29.2022', '45462575', NULL, 1, '', 109, 78),
(50, '45462576.4.30.2022', '4.30.2022', '45462576', NULL, 1, '', 110, 16);

-- --------------------------------------------------------

--
-- Структура таблицы `Order_service`
--

CREATE TABLE `Order_service` (
  `id_order` int NOT NULL,
  `id_service` int NOT NULL
) ENGINE=InnoDB DEFAULT CHARSET=utf8mb4 COLLATE=utf8mb4_0900_ai_ci;

--
-- Дамп данных таблицы `Order_service`
--

INSERT INTO `Order_service` (`id_order`, `id_service`) VALUES
(1, 31),
(1, 336),
(1, 353),
(2, 45),
(2, 89),
(2, 99),
(2, 123),
(3, 45),
(3, 57),
(3, 88),
(4, 44),
(4, 45),
(4, 57),
(4, 88),
(5, 34),
(5, 45),
(5, 89),
(5, 336),
(5, 353),
(6, 31),
(6, 353),
(7, 45),
(7, 89),
(7, 99),
(8, 45),
(8, 57),
(8, 89),
(9, 45),
(9, 45),
(9, 57),
(9, 88),
(10, 45),
(10, 89),
(10, 336),
(10, 353),
(11, 31),
(11, 353),
(12, 45),
(12, 89),
(12, 99),
(13, 45),
(13, 57),
(14, 45),
(14, 57),
(14, 88),
(15, 45),
(15, 89),
(15, 336),
(15, 353),
(16, 31),
(16, 353),
(17, 45),
(17, 89),
(17, 99),
(18, 45),
(18, 57),
(19, 45),
(19, 57),
(19, 88),
(20, 45),
(20, 89),
(20, 336),
(20, 353),
(21, 31),
(21, 353),
(22, 45),
(22, 89),
(22, 99),
(23, 45),
(23, 57),
(23, 92),
(24, 45),
(24, 57),
(24, 88),
(25, 45),
(25, 89),
(25, 336),
(25, 353),
(26, 31),
(26, 353),
(27, 45),
(27, 89),
(27, 99),
(28, 45),
(28, 57),
(29, 45),
(29, 57),
(29, 88),
(30, 45),
(30, 89),
(30, 336),
(30, 353),
(31, 31),
(31, 353),
(32, 45),
(32, 89),
(32, 99),
(33, 45),
(33, 57),
(34, 45),
(34, 57),
(34, 88),
(35, 45),
(35, 89),
(35, 336),
(35, 353),
(36, 31),
(36, 353),
(37, 45),
(37, 89),
(37, 99),
(38, 45),
(38, 57),
(39, 45),
(39, 57),
(39, 88),
(40, 45),
(40, 89),
(40, 336),
(40, 353),
(41, 31),
(41, 353),
(42, 45),
(42, 89),
(42, 99),
(43, 45),
(43, 57),
(44, 45),
(44, 57),
(44, 88),
(45, 45),
(45, 89),
(45, 336),
(45, 353),
(46, 31),
(46, 353),
(47, 45),
(47, 89),
(47, 99),
(48, 45),
(48, 57),
(49, 45),
(49, 57),
(49, 88),
(50, 45),
(50, 89),
(50, 336),
(50, 353);

-- --------------------------------------------------------

--
-- Структура таблицы `Service`
--

CREATE TABLE `Service` (
  `id` int NOT NULL,
  `name_service` varchar(100) NOT NULL,
  `code_service` varchar(100) NOT NULL,
  `deadline` int NOT NULL,
  `average_deviation` double NOT NULL,
  `price` int NOT NULL,
  `price_company` int NOT NULL
) ENGINE=InnoDB DEFAULT CHARSET=utf8mb4 COLLATE=utf8mb4_0900_ai_ci;

--
-- Дамп данных таблицы `Service`
--

INSERT INTO `Service` (`id`, `name_service`, `code_service`, `deadline`, `average_deviation`, `price`, `price_company`) VALUES
(31, 'Содержание ртути', 'JUR8R', 10, 0.06, 24000, 930),
(34, 'Содержание хлора', 'JKFBJ09', 2, 0.01, 32000, 450),
(44, 'Проверка на высоких температурах', 'DHBGFY563', 5, 0.17, 100000, 12000),
(45, 'Содержание аллергенов', 'JFH7382', 13, 0.01, 30000, 3000),
(57, 'Проверка на высоких температурах', 'JHVSJF6', 48, 0.17, 100000, 12000),
(88, 'Герметичность упаковки', 'DJHGBS982', 4, 0.03, 6000, 300),
(89, 'Однородность состава', 'OIJNB12', 24, 0.01, 23000, 450),
(92, 'Соответствие состава ТУ', 'HJBUJE21J', 12, 0.05, 15000, 1000),
(98, 'Проверка концентрации основного компонента', '63748HF', 23, 0.01, 23000, 1200),
(99, 'Соответствие состава ГОСТ', 'BSFBHV63', 36, 0.05, 12000, 1000),
(123, 'Соответствие срокам годности', '638VVNQ3', 6, 0.3, 10000, 600),
(336, 'Содержание хрома', '8HFJHG443', 12, 0.04, 12000, 1100),
(353, 'Содержание никеля', '87FDJKHJ', 72, 0.01, 24000, 800);

-- --------------------------------------------------------

--
-- Структура таблицы `Service_employee`
--

CREATE TABLE `Service_employee` (
  `id_employee` int NOT NULL,
  `id_service` int NOT NULL
) ENGINE=InnoDB DEFAULT CHARSET=utf8mb4 COLLATE=utf8mb4_0900_ai_ci;

--
-- Дамп данных таблицы `Service_employee`
--

INSERT INTO `Service_employee` (`id_employee`, `id_service`) VALUES
(104, 34),
(104, 31),
(104, 353),
(104, 336),
(105, 98),
(105, 45),
(105, 89),
(105, 99),
(105, 123),
(106, 92),
(106, 45),
(106, 57),
(106, 88),
(109, 92),
(109, 45),
(109, 57),
(109, 88),
(109, 44),
(110, 98),
(110, 45),
(110, 89),
(110, 353),
(110, 336),
(110, 34);

-- --------------------------------------------------------

--
-- Структура таблицы `Status`
--

CREATE TABLE `Status` (
  `id` int NOT NULL,
  `status` varchar(100) NOT NULL
) ENGINE=InnoDB DEFAULT CHARSET=utf8mb4 COLLATE=utf8mb4_0900_ai_ci;

--
-- Дамп данных таблицы `Status`
--

INSERT INTO `Status` (`id`, `status`) VALUES
(1, 'Новая'),
(2, 'На исследовании'),
(3, 'Закрыта');

--
-- Индексы сохранённых таблиц
--

--
-- Индексы таблицы `Employee`
--
ALTER TABLE `Employee`
  ADD PRIMARY KEY (`id`);

--
-- Индексы таблицы `Entity`
--
ALTER TABLE `Entity`
  ADD PRIMARY KEY (`code_client`);

--
-- Индексы таблицы `Individual`
--
ALTER TABLE `Individual`
  ADD PRIMARY KEY (`client_code`);

--
-- Индексы таблицы `Orders`
--
ALTER TABLE `Orders`
  ADD PRIMARY KEY (`id`),
  ADD KEY `id_employee` (`id_employee`),
  ADD KEY `id_status` (`id_status`),
  ADD KEY `client_code_ind` (`client_code_ind`),
  ADD KEY `client_code_ent` (`client_code_ent`);

--
-- Индексы таблицы `Order_service`
--
ALTER TABLE `Order_service`
  ADD KEY `id_order` (`id_order`),
  ADD KEY `id_service` (`id_service`);

--
-- Индексы таблицы `Service`
--
ALTER TABLE `Service`
  ADD PRIMARY KEY (`id`);

--
-- Индексы таблицы `Service_employee`
--
ALTER TABLE `Service_employee`
  ADD KEY `id_employee` (`id_employee`),
  ADD KEY `id_service` (`id_service`);

--
-- Индексы таблицы `Status`
--
ALTER TABLE `Status`
  ADD PRIMARY KEY (`id`);

--
-- AUTO_INCREMENT для сохранённых таблиц
--

--
-- AUTO_INCREMENT для таблицы `Orders`
--
ALTER TABLE `Orders`
  MODIFY `id` int NOT NULL AUTO_INCREMENT, AUTO_INCREMENT=51;

--
-- AUTO_INCREMENT для таблицы `Status`
--
ALTER TABLE `Status`
  MODIFY `id` int NOT NULL AUTO_INCREMENT, AUTO_INCREMENT=4;

--
-- Ограничения внешнего ключа сохраненных таблиц
--

--
-- Ограничения внешнего ключа таблицы `Orders`
--
ALTER TABLE `Orders`
  ADD CONSTRAINT `orders_ibfk_1` FOREIGN KEY (`id_employee`) REFERENCES `Employee` (`id`) ON DELETE CASCADE ON UPDATE CASCADE,
  ADD CONSTRAINT `orders_ibfk_2` FOREIGN KEY (`id_status`) REFERENCES `Status` (`id`) ON DELETE CASCADE ON UPDATE CASCADE,
  ADD CONSTRAINT `orders_ibfk_3` FOREIGN KEY (`client_code_ind`) REFERENCES `Individual` (`client_code`) ON DELETE CASCADE ON UPDATE CASCADE,
  ADD CONSTRAINT `orders_ibfk_4` FOREIGN KEY (`client_code_ent`) REFERENCES `Entity` (`code_client`) ON DELETE CASCADE ON UPDATE CASCADE;

--
-- Ограничения внешнего ключа таблицы `Order_service`
--
ALTER TABLE `Order_service`
  ADD CONSTRAINT `order_service_ibfk_1` FOREIGN KEY (`id_order`) REFERENCES `Orders` (`id`) ON DELETE CASCADE ON UPDATE CASCADE,
  ADD CONSTRAINT `order_service_ibfk_2` FOREIGN KEY (`id_service`) REFERENCES `Service` (`id`) ON DELETE CASCADE ON UPDATE CASCADE;

--
-- Ограничения внешнего ключа таблицы `Service_employee`
--
ALTER TABLE `Service_employee`
  ADD CONSTRAINT `service_employee_ibfk_1` FOREIGN KEY (`id_employee`) REFERENCES `Employee` (`id`) ON DELETE CASCADE ON UPDATE CASCADE,
  ADD CONSTRAINT `service_employee_ibfk_2` FOREIGN KEY (`id_service`) REFERENCES `Service` (`id`) ON DELETE CASCADE ON UPDATE CASCADE;
COMMIT;

/*!40101 SET CHARACTER_SET_CLIENT=@OLD_CHARACTER_SET_CLIENT */;
/*!40101 SET CHARACTER_SET_RESULTS=@OLD_CHARACTER_SET_RESULTS */;
/*!40101 SET COLLATION_CONNECTION=@OLD_COLLATION_CONNECTION */;
