<?xml version="1.0"?>
<doc>
    <assembly>
        <name>System.CodeDom</name>
    </assembly>
    <members>
        <member name="P:Microsoft.VisualBasic.VBCodeGenerator.IsCurrentModule">
            <summary>Tells whether or not the current class should be generated as a module</summary>
        </member>
        <member name="P:System.CodeDom.Compiler.CompilerParameters.CoreAssemblyFileName">
            <summary>
            The "core" or "standard" assembly that contains basic types such as <code>Object</code>, <code>Int32</code> and the like
            that is to be used for the compilation.<br />
            If the value of this property is an empty string (or <code>null</code>), the default core assembly will be used by the
            compiler (depending on the compiler version this may be <code>mscorlib.dll</code> or <code>System.Runtime.dll</code> in
            a Framework or reference assembly directory).<br />
            If the value of this property is not empty, CodeDom will emit compiler options to not reference <em>any</em> assemblies
            implicitly during compilation. It will also explicitly reference the assembly file specified in this property.<br />
            For compilers that only implicitly reference the "core" or "standard" assembly by default, this option can be used on its own.
            For compilers that implicitly reference more assemblies on top of the "core" / "standard" assembly, using this option may require
            specifying additional entries in the <code>System.CodeDom.Compiler.<bold>ReferencedAssemblies</bold></code> collection.<br />
            Note: An <code>ICodeCompiler</code> / <code>CoodeDomProvider</code> implementation may choose to ignore this property.
            </summary>
        </member>
        <member name="T:System.CSharpHelpers">
            <devdoc>
               <para>Provides a base class for code generators.</para>
            </devdoc>
        </member>
        <member name="M:System.CSharpHelpers.IsValidLanguageIndependentIdentifier(System.String)">
            <devdoc>
               <para>
                  Gets a value indicating whether the specified value is a valid language
                  independent identifier.
               </para>
            </devdoc>
        </member>
        <member name="P:System.SR.CodeDomProvider_NotDefined">
            <summary>There is no CodeDom provider defined for the language.</summary>
        </member>
        <member name="P:System.SR.NotSupported_CodeDomAPI">
            <summary>This CodeDomProvider does not support this method.</summary>
        </member>
        <member name="P:System.SR.CodeGenOutputWriter">
            <summary>The output writer for code generation and the writer supplied don't match and cannot be used. This is generally caused by a bad implementation of a CodeGenerator derived class.</summary>
        </member>
        <member name="P:System.SR.CodeGenReentrance">
            <summary>This code generation API cannot be called while the generator is being used to generate something else.</summary>
        </member>
        <member name="P:System.SR.InvalidElementType">
            <summary>Element type {0} is not supported.</summary>
        </member>
        <member name="P:System.SR.Argument_NullComment">
            <summary>The 'Comment' property of the CodeCommentStatement '{0}' cannot be null.</summary>
        </member>
        <member name="P:System.SR.InvalidPrimitiveType">
            <summary>Invalid Primitive Type: {0}. Consider using CodeObjectCreateExpression.</summary>
        </member>
        <member name="P:System.SR.InvalidIdentifier">
            <summary>Identifier '{0}' is not valid.</summary>
        </member>
        <member name="P:System.SR.ArityDoesntMatch">
            <summary>The total arity specified in '{0}' does not match the number of TypeArguments supplied.  There were '{1}' TypeArguments supplied.</summary>
        </member>
        <member name="P:System.SR.InvalidNullEmptyArgument">
            <summary>Argument {0} cannot be null or zero-length.</summary>
        </member>
        <member name="P:System.SR.DuplicateFileName">
            <summary>The file name '{0}' was already in the collection.</summary>
        </member>
        <member name="P:System.SR.InvalidTypeName">
            <summary>The type name:"{0}" on the property:"{1}" of type:"{2}" is not a valid language-independent type name.</summary>
        </member>
        <member name="P:System.SR.InvalidRegion">
            <summary>The region directive '{0}' contains invalid characters.  RegionText cannot contain any new line characters.</summary>
        </member>
        <member name="P:System.SR.InvalidPathCharsInChecksum">
            <summary>The CodeChecksumPragma file name '{0}' contains invalid path characters.</summary>
        </member>
        <member name="P:System.SR.ExecTimeout">
            <summary>Timed out waiting for a program to execute. The command being executed was {0}.</summary>
        </member>
        <member name="P:System.SR.Provider_does_not_support_options">
            <summary>This CodeDomProvider type does not have a constructor that takes providerOptions - "{0}".</summary>
        </member>
        <member name="P:System.SR.InvalidLanguageIdentifier">
            <summary>The identifier:"{0}" on the property:"{1}" of type:"{2}" is not a valid language-independent identifier name. Check to see if CodeGenerator.IsValidLanguageIndependentIdentifier allows the identifier name.</summary>
        </member>
        <member name="P:System.SR.toStringUnknown">
            <summary>{unknown}</summary>
        </member>
        <member name="P:System.SR.AutoGen_Comment_Line1">
            <summary>auto-generated&gt;</summary>
        </member>
        <member name="P:System.SR.AutoGen_Comment_Line2">
            <summary>This code was generated by a tool.</summary>
        </member>
        <member name="P:System.SR.AutoGen_Comment_Line4">
            <summary>Changes to this file may cause incorrect behavior and will be lost if</summary>
        </member>
        <member name="P:System.SR.AutoGen_Comment_Line5">
            <summary>the code is regenerated.</summary>
        </member>
        <member name="T:System.Runtime.InteropServices.LibraryImportAttribute">
            <summary>
            Attribute used to indicate a source generator should create a function for marshalling
            arguments instead of relying on the runtime to generate an equivalent marshalling function at run-time.
            </summary>
            <remarks>
            This attribute is meaningless if the source generator associated with it is not enabled.
            The current built-in source generator only supports C# and only supplies an implementation when
            applied to static, partial, non-generic methods.
            </remarks>
        </member>
        <member name="M:System.Runtime.InteropServices.LibraryImportAttribute.#ctor(System.String)">
            <summary>
            Initializes a new instance of the <see cref="T:System.Runtime.InteropServices.LibraryImportAttribute"/>.
            </summary>
            <param name="libraryName">Name of the library containing the import.</param>
        </member>
        <member name="P:System.Runtime.InteropServices.LibraryImportAttribute.LibraryName">
            <summary>
            Gets the name of the library containing the import.
            </summary>
        </member>
        <member name="P:System.Runtime.InteropServices.LibraryImportAttribute.EntryPoint">
            <summary>
            Gets or sets the name of the entry point to be called.
            </summary>
        </member>
        <member name="P:System.Runtime.InteropServices.LibraryImportAttribute.StringMarshalling">
            <summary>
            Gets or sets how to marshal string arguments to the method.
            </summary>
            <remarks>
            If this field is set to a value other than <see cref="F:System.Runtime.InteropServices.StringMarshalling.Custom" />,
            <see cref="P:System.Runtime.InteropServices.LibraryImportAttribute.StringMarshallingCustomType" /> must not be specified.
            </remarks>
        </member>
        <member name="P:System.Runtime.InteropServices.LibraryImportAttribute.StringMarshallingCustomType">
            <summary>
            Gets or sets the <see cref="T:System.Type"/> used to control how string arguments to the method are marshalled.
            </summary>
            <remarks>
            If this field is specified, <see cref="P:System.Runtime.InteropServices.LibraryImportAttribute.StringMarshalling" /> must not be specified
            or must be set to <see cref="F:System.Runtime.InteropServices.StringMarshalling.Custom" />.
            </remarks>
        </member>
        <member name="P:System.Runtime.InteropServices.LibraryImportAttribute.SetLastError">
            <summary>
            Gets or sets whether the callee sets an error (SetLastError on Windows or errno
            on other platforms) before returning from the attributed method.
            </summary>
        </member>
        <member name="T:System.Runtime.InteropServices.StringMarshalling">
            <summary>
            Specifies how strings should be marshalled for generated p/invokes
            </summary>
        </member>
        <member name="F:System.Runtime.InteropServices.StringMarshalling.Custom">
            <summary>
            Indicates the user is suppling a specific marshaller in <see cref="P:System.Runtime.InteropServices.LibraryImportAttribute.StringMarshallingCustomType"/>.
            </summary>
        </member>
        <member name="F:System.Runtime.InteropServices.StringMarshalling.Utf8">
            <summary>
            Use the platform-provided UTF-8 marshaller.
            </summary>
        </member>
        <member name="F:System.Runtime.InteropServices.StringMarshalling.Utf16">
            <summary>
            Use the platform-provided UTF-16 marshaller.
            </summary>
        </member>
        <member name="T:System.Runtime.Versioning.OSPlatformAttribute">
            <summary>
            Base type for all platform-specific API attributes.
            </summary>
        </member>
        <member name="T:System.Runtime.Versioning.TargetPlatformAttribute">
            <summary>
            Records the platform that the project targeted.
            </summary>
        </member>
        <member name="T:System.Runtime.Versioning.SupportedOSPlatformAttribute">
             <summary>
             Records the operating system (and minimum version) that supports an API. Multiple attributes can be
             applied to indicate support on multiple operating systems.
             </summary>
             <remarks>
             Callers can apply a <see cref="T:System.Runtime.Versioning.SupportedOSPlatformAttribute" />
             or use guards to prevent calls to APIs on unsupported operating systems.
            
             A given platform should only be specified once.
             </remarks>
        </member>
        <member name="T:System.Runtime.Versioning.UnsupportedOSPlatformAttribute">
            <summary>
            Marks APIs that were removed in a given operating system version.
            </summary>
            <remarks>
            Primarily used by OS bindings to indicate APIs that are only available in
            earlier versions.
            </remarks>
        </member>
        <member name="T:System.Runtime.Versioning.ObsoletedOSPlatformAttribute">
            <summary>
            Marks APIs that were obsoleted in a given operating system version.
            </summary>
            <remarks>
            Primarily used by OS bindings to indicate APIs that should not be used anymore.
            </remarks>
        </member>
        <member name="T:System.Runtime.Versioning.SupportedOSPlatformGuardAttribute">
             <summary>
             Annotates a custom guard field, property or method with a supported platform name and optional version.
             Multiple attributes can be applied to indicate guard for multiple supported platforms.
             </summary>
             <remarks>
             Callers can apply a <see cref="T:System.Runtime.Versioning.SupportedOSPlatformGuardAttribute" /> to a field, property or method
             and use that field, property or method in a conditional or assert statements in order to safely call platform specific APIs.
            
             The type of the field or property should be boolean, the method return type should be boolean in order to be used as platform guard.
             </remarks>
        </member>
        <member name="T:System.Runtime.Versioning.UnsupportedOSPlatformGuardAttribute">
             <summary>
             Annotates the custom guard field, property or method with an unsupported platform name and optional version.
             Multiple attributes can be applied to indicate guard for multiple unsupported platforms.
             </summary>
             <remarks>
             Callers can apply a <see cref="T:System.Runtime.Versioning.UnsupportedOSPlatformGuardAttribute" /> to a field, property or method
             and use that  field, property or method in a conditional or assert statements as a guard to safely call APIs unsupported on those platforms.
            
             The type of the field or property should be boolean, the method return type should be boolean in order to be used as platform guard.
             </remarks>
        </member>
        <member name="T:System.Diagnostics.CodeAnalysis.AllowNullAttribute">
            <summary>Specifies that null is allowed as an input even if the corresponding type disallows it.</summary>
        </member>
        <member name="T:System.Diagnostics.CodeAnalysis.DisallowNullAttribute">
            <summary>Specifies that null is disallowed as an input even if the corresponding type allows it.</summary>
        </member>
        <member name="T:System.Diagnostics.CodeAnalysis.MaybeNullAttribute">
            <summary>Specifies that an output may be null even if the corresponding type disallows it.</summary>
        </member>
        <member name="T:System.Diagnostics.CodeAnalysis.NotNullAttribute">
            <summary>Specifies that an output will not be null even if the corresponding type allows it. Specifies that an input argument was not null when the call returns.</summary>
        </member>
        <member name="T:System.Diagnostics.CodeAnalysis.MaybeNullWhenAttribute">
            <summary>Specifies that when a method returns <see cref="P:System.Diagnostics.CodeAnalysis.MaybeNullWhenAttribute.ReturnValue"/>, the parameter may be null even if the corresponding type disallows it.</summary>
        </member>
        <member name="M:System.Diagnostics.CodeAnalysis.MaybeNullWhenAttribute.#ctor(System.Boolean)">
            <summary>Initializes the attribute with the specified return value condition.</summary>
            <param name="returnValue">
            The return value condition. If the method returns this value, the associated parameter may be null.
            </param>
        </member>
        <member name="P:System.Diagnostics.CodeAnalysis.MaybeNullWhenAttribute.ReturnValue">
            <summary>Gets the return value condition.</summary>
        </member>
        <member name="T:System.Diagnostics.CodeAnalysis.NotNullWhenAttribute">
            <summary>Specifies that when a method returns <see cref="P:System.Diagnostics.CodeAnalysis.NotNullWhenAttribute.ReturnValue"/>, the parameter will not be null even if the corresponding type allows it.</summary>
        </member>
        <member name="M:System.Diagnostics.CodeAnalysis.NotNullWhenAttribute.#ctor(System.Boolean)">
            <summary>Initializes the attribute with the specified return value condition.</summary>
            <param name="returnValue">
            The return value condition. If the method returns this value, the associated parameter will not be null.
            </param>
        </member>
        <member name="P:System.Diagnostics.CodeAnalysis.NotNullWhenAttribute.ReturnValue">
            <summary>Gets the return value condition.</summary>
        </member>
        <member name="T:System.Diagnostics.CodeAnalysis.NotNullIfNotNullAttribute">
            <summary>Specifies that the output will be non-null if the named parameter is non-null.</summary>
        </member>
        <member name="M:System.Diagnostics.CodeAnalysis.NotNullIfNotNullAttribute.#ctor(System.String)">
            <summary>Initializes the attribute with the associated parameter name.</summary>
            <param name="parameterName">
            The associated parameter name.  The output will be non-null if the argument to the parameter specified is non-null.
            </param>
        </member>
        <member name="P:System.Diagnostics.CodeAnalysis.NotNullIfNotNullAttribute.ParameterName">
            <summary>Gets the associated parameter name.</summary>
        </member>
        <member name="T:System.Diagnostics.CodeAnalysis.DoesNotReturnAttribute">
            <summary>Applied to a method that will never return under any circumstance.</summary>
        </member>
        <member name="T:System.Diagnostics.CodeAnalysis.DoesNotReturnIfAttribute">
            <summary>Specifies that the method will not return if the associated Boolean parameter is passed the specified value.</summary>
        </member>
        <member name="M:System.Diagnostics.CodeAnalysis.DoesNotReturnIfAttribute.#ctor(System.Boolean)">
            <summary>Initializes the attribute with the specified parameter value.</summary>
            <param name="parameterValue">
            The condition parameter value. Code after the method will be considered unreachable by diagnostics if the argument to
            the associated parameter matches this value.
            </param>
        </member>
        <member name="P:System.Diagnostics.CodeAnalysis.DoesNotReturnIfAttribute.ParameterValue">
            <summary>Gets the condition parameter value.</summary>
        </member>
        <member name="T:System.Diagnostics.CodeAnalysis.MemberNotNullAttribute">
            <summary>Specifies that the method or property will ensure that the listed field and property members have not-null values.</summary>
        </member>
        <member name="M:System.Diagnostics.CodeAnalysis.MemberNotNullAttribute.#ctor(System.String)">
            <summary>Initializes the attribute with a field or property member.</summary>
            <param name="member">
            The field or property member that is promised to be not-null.
            </param>
        </member>
        <member name="M:System.Diagnostics.CodeAnalysis.MemberNotNullAttribute.#ctor(System.String[])">
            <summary>Initializes the attribute with the list of field and property members.</summary>
            <param name="members">
            The list of field and property members that are promised to be not-null.
            </param>
        </member>
        <member name="P:System.Diagnostics.CodeAnalysis.MemberNotNullAttribute.Members">
            <summary>Gets field or property member names.</summary>
        </member>
        <member name="T:System.Diagnostics.CodeAnalysis.MemberNotNullWhenAttribute">
            <summary>Specifies that the method or property will ensure that the listed field and property members have not-null values when returning with the specified return value condition.</summary>
        </member>
        <member name="M:System.Diagnostics.CodeAnalysis.MemberNotNullWhenAttribute.#ctor(System.Boolean,System.String)">
            <summary>Initializes the attribute with the specified return value condition and a field or property member.</summary>
            <param name="returnValue">
            The return value condition. If the method returns this value, the associated parameter will not be null.
            </param>
            <param name="member">
            The field or property member that is promised to be not-null.
            </param>
        </member>
        <member name="M:System.Diagnostics.CodeAnalysis.MemberNotNullWhenAttribute.#ctor(System.Boolean,System.String[])">
            <summary>Initializes the attribute with the specified return value condition and list of field and property members.</summary>
            <param name="returnValue">
            The return value condition. If the method returns this value, the associated parameter will not be null.
            </param>
            <param name="members">
            The list of field and property members that are promised to be not-null.
            </param>
        </member>
        <member name="P:System.Diagnostics.CodeAnalysis.MemberNotNullWhenAttribute.ReturnValue">
            <summary>Gets the return value condition.</summary>
        </member>
        <member name="P:System.Diagnostics.CodeAnalysis.MemberNotNullWhenAttribute.Members">
            <summary>Gets field or property member names.</summary>
        </member>
    </members>
</doc>
